-- Primero creamos las sucursales
INSERT INTO SUCURSAL (IDSUCURSAL,NOMBRE,SEGMENTACION,TAMANO,CIUDAD,DIRECCION) VALUES (1,'Galerias','Psicografica','Grande','Bucaramanga','Calle 45 # 22-31');
INSERT INTO SUCURSAL (IDSUCURSAL,NOMBRE,SEGMENTACION,TAMANO,CIUDAD,DIRECCION) VALUES (2,'Santa Barbara','Geografica','Mediano','Bogota','Carrera 7 #116-40');
INSERT INTO SUCURSAL (IDSUCURSAL,NOMBRE,SEGMENTACION,TAMANO,CIUDAD,DIRECCION) VALUES (3,'Hayuelos','Demografica','Grande','Cartagena','Calle 8 #76-23');
INSERT INTO SUCURSAL (IDSUCURSAL,NOMBRE,SEGMENTACION,TAMANO,CIUDAD,DIRECCION) VALUES (4,'Mazuren','Socioeconomica','Grande','Bucaramanga','Autopista Nte #01-12');

-- Creamos 2 categorias de prueba
INSERT INTO CATEGORIA (IDCATEGORIA, TIPOCAT) VALUES (1, 'ASEO PERSONAL');
INSERT INTO CATEGORIA (IDCATEGORIA, TIPOCAT) VALUES (2, 'VERDURAS');

-- Creamos los estantes y las asociamos 
INSERT INTO ESTANTE (IDSUCURSAL,IDESTANTE,CATEGORIA,CAPACIDADVOLUMEN,CAPACIDADTOTALVOLUMEN,CAPACIDADPESO,CAPACIDADTOTALPESO,NIVELDEABASTECIMIENTO) VALUES (1, 1, 1, 500,500,500,500,60);

INSERT INTO ESTANTE (IDSUCURSAL,IDESTANTE,CATEGORIA,CAPACIDADVOLUMEN,CAPACIDADTOTALVOLUMEN,CAPACIDADPESO,CAPACIDADTOTALPESO,NIVELDEABASTECIMIENTO) VALUES (1, 2, 2, 1000,1000,1000,1000,120);


INSERT INTO ESTANTE (IDSUCURSAL,IDESTANTE,CATEGORIA,CAPACIDADVOLUMEN,CAPACIDADTOTALVOLUMEN,CAPACIDADPESO,CAPACIDADTOTALPESO,NIVELDEABASTECIMIENTO) VALUES (2, 1, 1, 500,500,500,500,60);

INSERT INTO ESTANTE (IDSUCURSAL,IDESTANTE,CATEGORIA,CAPACIDADVOLUMEN,CAPACIDADTOTALVOLUMEN,CAPACIDADPESO,CAPACIDADTOTALPESO,NIVELDEABASTECIMIENTO) VALUES (2, 2, 2, 1000,1000,1000,1000,120);


INSERT INTO ESTANTE (IDSUCURSAL,IDESTANTE,CATEGORIA,CAPACIDADVOLUMEN,CAPACIDADTOTALVOLUMEN,CAPACIDADPESO,CAPACIDADTOTALPESO,NIVELDEABASTECIMIENTO) VALUES (3, 1, 1, 500,500,500,500,60);

INSERT INTO ESTANTE (IDSUCURSAL,IDESTANTE,CATEGORIA,CAPACIDADVOLUMEN,CAPACIDADTOTALVOLUMEN,CAPACIDADPESO,CAPACIDADTOTALPESO,NIVELDEABASTECIMIENTO) VALUES (3, 2, 2, 1000,1000,1000,1000,120);


INSERT INTO ESTANTE (IDSUCURSAL,IDESTANTE,CATEGORIA,CAPACIDADVOLUMEN,CAPACIDADTOTALVOLUMEN,CAPACIDADPESO,CAPACIDADTOTALPESO,NIVELDEABASTECIMIENTO) VALUES (4, 1, 1, 500,500,500,500,60);

INSERT INTO ESTANTE (IDSUCURSAL,IDESTANTE,CATEGORIA,CAPACIDADVOLUMEN,CAPACIDADTOTALVOLUMEN,CAPACIDADPESO,CAPACIDADTOTALPESO,NIVELDEABASTECIMIENTO) VALUES (4, 2, 2, 1000,1000,1000,1000,120);

INSERT INTO PRODUCTOOFRECIDOSUCURSAL (idSucursal, codigoBarras, cantidad) VALUES (1,'239109cc6',20);
INSERT INTO PRODUCTOOFRECIDOSUCURSAL (idSucursal, codigoBarras, cantidad) VALUES (1,'10893f3ea',29);
INSERT INTO PRODUCTOOFRECIDOSUCURSAL (idSucursal, codigoBarras, cantidad) VALUES (1,'fc9847d6',56);
INSERT INTO PRODUCTOOFRECIDOSUCURSAL (idSucursal, codigoBarras, cantidad) VALUES (1,'57d9b18e',28);
INSERT INTO PRODUCTOOFRECIDOSUCURSAL (idSucursal, codigoBarras, cantidad) VALUES (2,'cf88a7b7',20);
INSERT INTO PRODUCTOOFRECIDOSUCURSAL (idSucursal, codigoBarras, cantidad) VALUES (2,'1a1b593ae',29);
INSERT INTO PRODUCTOOFRECIDOSUCURSAL (idSucursal, codigoBarras, cantidad) VALUES (2,'154422331',20);
INSERT INTO PRODUCTOOFRECIDOSUCURSAL (idSucursal, codigoBarras, cantidad) VALUES (2,'cfd36e72',29);
INSERT INTO PRODUCTOOFRECIDOSUCURSAL (idSucursal, codigoBarras, cantidad) VALUES (3,'113a25be9',20);
INSERT INTO PRODUCTOOFRECIDOSUCURSAL (idSucursal, codigoBarras, cantidad) VALUES (3,'1fb6498b1',29);

INSERT INTO ESTANTEPRODUCTO (idEstante, idProducto, cantidad) VALUES (1,'239109cc6',20);
INSERT INTO ESTANTEPRODUCTO (idEstante, idProducto, cantidad) VALUES (1,'10893f3ea',29);
INSERT INTO ESTANTEPRODUCTO (idEstante, idProducto, cantidad) VALUES (1,'fc9847d6',56);
INSERT INTO ESTANTEPRODUCTO (idEstante, idProducto, cantidad) VALUES (1,'57d9b18e',28);
INSERT INTO ESTANTEPRODUCTO (idEstante, idProducto, cantidad) VALUES (2,'cf88a7b7',20);
INSERT INTO ESTANTEPRODUCTO (idEstante, idProducto, cantidad) VALUES (2,'1a1b593ae',29);
INSERT INTO ESTANTEPRODUCTO (idEstante, idProducto, cantidad) VALUES (2,'154422331',20);
INSERT INTO ESTANTEPRODUCTO (idEstante, idProducto, cantidad) VALUES (2,'cfd36e72',29);
INSERT INTO ESTANTEPRODUCTO (idEstante, idProducto, cantidad) VALUES (3,'113a25be9',20);
INSERT INTO ESTANTEPRODUCTO (idEstante, idProducto, cantidad) VALUES (3,'1fb6498b1',29);


commit;